카테고리,상품명,제조사,에너지(kcal),탄수화물(g),단백질(g),지방(g),나트륨(mg)
삼각김밥,한우불고기삼각김밥,엔젤식품,166,28.52,5.97,2.63,30.0
삼각김밥,호족반트러플감자베이컨삼각김밥,(주)후레쉬퍼스트,166,24.1,2.41,6.63,314.0
삼각김밥,빅치킨마요 삼각김밥,(주)비지에프푸드제주,190,28.36,4.54,6.47,384.0
삼각김밥,소이미트 삼각김밥,(주)그린키친,157,30.51,5.09,1.95,466.0
삼각김밥,고추장제육삼각김밥,(주)엘림데리카후레쉬,417,60.0,7.0,17.0,1726.0
삼각김밥,참치김밥,(주)비지에프푸드,193,23.1,7.68,7.7,448.0
김밥,저당 현미곤약 묵은지참치 김밥,(주)이에스그린푸드,14,2.27,0.0,0.46,0.0
김밥,혜자로운한끼)참치마요김밥,(주)제이비프레시,206,20.68,5.26,11.28,331.0
김밥,육중한김밥제육구이,(주)후레쉬서브,168,21.9,6.2,6.2,394.0
김밥,괌)레드라이스치킨김밥,(주)델리캡,142,22.58,6.45,2.82,448.0
김밥,양념치킨&간장치킨김밥,롯데푸드(주),205,33.93,5.36,5.36,518.0
김밥,원조치즈김밥,(주)후레쉬서브,150,21.35,5.24,4.87,4278.0
샌드위치,에어로-블루베리크림치즈샌드위치,다원푸드서비스(주)쉐프랑,100,7.59,10.34,3.45,2.0
샌드위치,명란에그 소금빵샌드위치,행복모아주식회사,244,22.29,9.14,13.14,363.0
샌드위치,굿모닝 샌드위치,농업회사법인(주)담푸른,293,29.73,5.86,16.67,448.0
샌드위치,크래미샐러드 샌드위치,엘에스지스카이셰프코리아(주),199,22.34,5.32,10.11,533.0
샌드위치,신선한 아이돌샌드위치(딸기쨈),(주)농업회사법인엘푸드서울CK2,106,16.11,2.78,3.33,2400.0
도시락,멘츠까스도시락,아이그린푸드,105,13.66,4.63,3.36,0.0
도시락,버섯소불고기도시락,(주)잇마플,182,24.35,5.51,6.96,192.0
도시락,수비드닭가슴살단백도시락,주식회사 이프리(샐러드유),120,18.0,8.86,1.43,287.0
도시락,오리정식도시락,롯데푸드(주),199,25.0,6.25,8.25,358.0
도시락,클라스도시락,클라스그린도시락주식회사,204,21.58,7.11,9.93,1500.0
밥류(컵밥/덮밥/볶음밥),꾸이한끼 김치제육덮밥,(주)이에스그린푸드,14,1.43,0.86,0.86,0.0
밥류(컵밥/덮밥/볶음밥),새우팟퐁커리덮밥 세트,(주)현대그린푸드 스마트푸드센터,141,21.35,3.65,4.59,210.0
밥류(컵밥/덮밥/볶음밥),고기잡채볶음밥,농업회사법인주식회사한우물,167,30.87,4.78,3.04,304.0
밥류(컵밥/덮밥/볶음밥),치즈숯불제육볶음밥,(주)현대푸드시스템,200,34.29,4.76,4.38,381.0
밥류(컵밥/덮밥/볶음밥),건강한 매콤낙지볶음밥&통통해물완자,㈜시아스쿡,166,20.49,4.39,7.32,468.0
밥류(컵밥/덮밥/볶음밥),크랩이지 대게 맛있는 볶음밥,농업회사법인주식회사한우물,152,27.73,5.45,2.27,3013.0
만두,올그루 야채찐만두,(주)엄지식품,164,23.0,7.8,3.6,1.0
만두,닭가슴살 씨쓰루 만두 닭갈비맛,(주)엄지식품,172,27.78,3.89,5.0,300.0
만두,샘표 김치 만두,농업회사법인한만두식품 주식회사,184,25.1,5.2,7.0,354.0
만두,교자만두,"CHIATAI FOOD ENTERPRISE (QINGDAO) CO., LTD",152,27.0,8.0,1.3,395.0
만두,얇은피꽉찬속 땡초만두,㈜지엠에프,189,19.0,7.75,9.5,455.0
만두,비비고 통오징어만두,CJ CAU TRE FOODS JOINT STOCK COMPANY - LONG AN BRANCH,310,40.0,17.0,9.0,1120.0
면류,핵불닭볶음면,삼양식품(주),396,60.0,8.57,13.57,1036.0
면류,팔도왕뚜껑,(주)팔도,432,64.55,8.18,15.45,1536.0
면류,진라면매운맛(개별스프),오뚜기라면(주),425,65.83,10.0,13.33,1467.0
면류,호두닭가슴살볶음쌀국수,풀무원건강생활(주),88,9.0,9.0,1.8,10.0
면류,초계비빔막국수,나찬푸드,89,15.0,3.54,1.67,458.0
면류,송주불비빔국수,(주)우리델리카/주식회사지에프에스,138,23.53,4.02,3.1,769.0
면류,달인대보칼국수 밀키트,(주)오직코리아,35,4.0,4.0,0.5,4460.0
빵(식사대용),에어로-핫도그샐러드빵,다원푸드서비스(주)쉐프랑,100,7.59,10.34,3.45,2.0
빵(식사대용),착한고추잡채&꽃빵,(주)후레쉬퍼스트,151,18.75,8.33,5.0,205.0
빵(식사대용),고추잡채&꽃빵,주식회사찬장에프에스대전,180,18.0,6.0,7.0,350.0
빵(식사대용),햇살굽는집 참치사라다빵,주식회사프레시오늘,233,24.0,5.0,13.0,390.0
빵(식사대용),가격파괴 고추잡채꽃빵,(주)신세계푸드오산공장,145,20.89,3.78,5.11,565.0
국/탕(즉석국),자연상통붕장어탕,CHUoFood(추어푸드),30,2.0,2.2,1.0,0.0
국/탕(즉석국),오케이쿡우거지감자탕,CK푸드원,72,6.75,5.0,2.75,240.0
국/탕(즉석국),HEYROO베이컨크림그라탕,(주)성보,131,16.5,2.33,6.2,364.0
국/탕(즉석국),전복 미역국,씨드(SEA.D),78,7.0,7.0,2.4,1500.0
계란,청라초란구운계란,청라,163,0.0,15.0,11.25,0.0
계란,가농 맛있게 구운계란,에그코리아,138,2.5,12.5,8.5,150.0
계란,동물복지 유정 구운란 기획 세트,농업회사법인 조인 주식회사,155,4.0,15.0,9.0,180.0
계란,맛좋은구운란,에그온,143,2.86,14.29,5.71,314.0
계란,"삶은 계란 1개(50g, 국가표준값)",-,78,0.6,6.5,5.5,62.0
삼각김밥,속이꽉찬햄참치마요삼각김밥,(주)영진데리카후레쉬,170,29.47,3.97,4.3,46.0
삼각김밥,붉은대게딱지장삼각김밥,(주)후레쉬퍼스트,176,31.82,3.64,3.82,247.0
삼각김밥,대왕참치마요삼각김밥,(주)대정,179,27.45,3.27,3.27,266.0
삼각김밥,숯불갈비맛&김치제육더블삼각김밥,(주)대정,156,28.44,3.32,3.32,293.0
삼각김밥,한상점보참치마요삼각김밥,(주)후레쉬퍼스트,171,26.72,6.13,4.5,316.0
삼각김밥,참치김치 더빅삼각김밥,(주)영진데리카후레쉬,166,28.76,3.92,3.92,339.0
삼각김밥,고추장불고기 삼각김밥,주식회사영우에프엔에프,160,31.82,3.64,2.73,352.0
삼각김밥,갈비치킨삼각김밥,(주)우리델리카,183,31.19,5.5,3.67,367.0
삼각김밥,12XL슈퍼라지킹삼각김밥,(주)푸드플래닛,175,28.75,5.61,4.17,385.0
삼각김밥,모짜콘치즈삼각김밥,(주)후레쉬서브,159,29.75,4.13,2.56,393.0
삼각김밥,Full베이컨참치마요삼각김밥,(주)후레쉬서브,205,25.0,3.95,9.87,414.0
삼각김밥,스팸계란볶음밥삼각김밥,(주)후레쉬퍼스트,197,25.49,3.92,8.82,441.0
삼각김밥,Chefood 간장계란 삼각김밥,롯데평택CK 주식회사,200,32.73,2.73,6.36,464.0
삼각김밥,햄김치볶음밥삼각김밥,(주)영진데리카후레쉬,181,28.57,3.81,5.71,490.0
삼각김밥,더빅돈불깍두기볶음삼각김밥,(주)대정,166,29.41,3.27,3.92,544.0
삼각김밥,단짠흑돼지불고기삼각김밥,롯데후레쉬델리카제2호(주),167,32.05,3.85,1.8,628.0
삼각김밥,고추참치마요삼각김밥,롯데후레쉬델리카제3호 주식회사,246,18.75,4.47,16.97,955.0
김밥,파르팜 정통 충무김밥,복을만드는사람들 주식회사 농업회사법인,175,38.0,4.0,0.7,10.0
김밥,대왕고추마요치킨삼각김밥,(주)대정,190,26.8,3.27,7.84,251.0
김밥,곤드레김밥,웰빙팜,192,22.92,4.17,9.17,300.0
김밥,대파크림치즈김밥,(주)한국데리카후레쉬,170,20.79,4.66,7.53,327.0
김밥,이천원의행복김밥,(주)그린키친,164,29.11,4.23,3.76,352.0
김밥,지구식단)유부런천미트김밥,(주)델리캡,180,22.67,5.33,7.56,370.0
김밥,소시지김밥&유부세트,(주)푸드플래닛,178,29.51,5.38,4.28,389.0
김밥,불고기전주비빔김밥,(주)대정,139,17.37,4.74,5.26,405.0
김밥,향라치킨김밥,(주)영진데리카후레쉬,159,26.66,4.0,4.0,419.0
김밥,알찬한끼세트)김밥&닭강정,(주)한국데리카후레쉬,179,23.08,4.33,7.69,439.0
김밥,찍어먹는땡초김밥,롯데후레쉬델리카제3호주식회사,193,21.57,6.44,8.96,454.0
김밥,햄맛살꼬투리김밥,(주)델리캡,145,23.27,4.4,3.77,474.0
김밥,김밥의정석통햄김밥,롯데푸드(주),179,23.01,6.44,6.75,500.0
김밥,ALL NEW 스팸땡초김밥,롯데부산CK 주식회사,214,25.72,6.19,9.52,524.0
김밥,비빔야채김밥,(주)현대푸드시스템,141,26.5,4.27,2.56,556.0
김밥,닭가슴살김밥,(주)현대그린푸드스마트푸드센터,110,16.71,6.01,2.13,610.0
김밥,전주비빔떡갈비김밥,(주)엘림데리카후레쉬,321,41.8,7.41,13.76,1249.0
샌드위치,에어로-무화과크림치즈샌드위치,다원푸드서비스(주)쉐프랑,100,7.59,10.34,3.45,2.0
샌드위치,크랜베리 닭가슴살 샌드위치,꾸움제과,142,19.5,11.22,2.14,252.0
샌드위치,시저치킨랩샌드위치,(주)현대그린푸드스마트푸드센터,125,16.85,6.21,3.62,309.0
샌드위치,3종샌드위치스프레드(B),(주)정미경키친,175,10.0,6.0,12.33,340.0
샌드위치,에그마요 샌드위치,주식회사 에프엠프렌즈,196,26.67,7.5,6.67,363.0
샌드위치,클래식 햄치즈 샌드위치,에스피엘주식회사,222,19.51,7.32,12.68,385.0
샌드위치,통밀칠리치킨샌드위치,㈜푸드코아,201,23.5,11.0,7.0,405.0
샌드위치,꾹쿡 올리브치킨 아삭샌드위치 2입,주식회사 온랩,191,15.47,7.17,11.21,424.0
샌드위치,BELT샌드위치,(주)후레쉬퍼스트,186,20.22,7.1,8.2,448.0
샌드위치,통밀 햄에그 3단샌드위치,에스피엘주식회사,218,23.53,8.24,10.0,465.0
샌드위치,K햄치즈샌드위치,(주)후레쉬퍼스트,145,18.97,5.75,5.17,481.0
샌드위치,건강한통밀치킨롤샌드위치,에스피엘주식회사,182,22.94,8.82,6.47,506.0
샌드위치,뉴빅케이준치킨햄샌드위치,(주)샌드팜,261,30.0,7.78,12.22,533.0
샌드위치,뚱드)햄치즈&크랩샌드위치,(주)후레쉬퍼스트,241,25.85,5.85,12.68,557.0
샌드위치,햄듬뿍샌드위치,(주)푸드코아,224,27.94,6.62,9.56,596.0
샌드위치,크래프트 에그슬라이스 샌드위치,㈜샌드팜,309,27.41,8.15,18.52,652.0
샌드위치,스크램블&콘치즈샌드위치,(주)샌드팜,230,28.28,7.59,9.66,1131.0
도시락,Allfresh하루과일도시락,올프레쉬농업회사법인(주),54,12.25,0.7,0.26,0.0
도시락,19곡밥과닭가슴살카레도시락,(주)에스런치,152,28.28,5.86,1.72,96.0
도시락,양송이크림스프뿌링클순살치킨도시락,(주)비엘푸드,93,15.73,2.89,2.06,116.0
도시락,단백질 도시락 포크 함박 스테이크,(주)메이크샐러드,150,22.38,5.48,4.29,121.0
도시락,타코야끼도시락,채선당도시락부산보건대점,84,15.02,3.49,1.15,193.0
도시락,로제맛 닭가슴살 도시락,농업회사법인(주)별담푸드,125,15.5,8.9,3.0,223.0
도시락,토마토미트볼과쿠스쿠스비건도시락,(주)이에스그린푸드,133,23.33,4.17,2.5,250.0
도시락,케이준포케도시락,(주)우리델리카,157,21.13,5.36,5.65,271.0
도시락,고추장제육불고기도시락,(주)그린키친,167,23.76,7.55,4.61,286.0
도시락,랠리 흑미곤약도시락 닭가슴살소시지,㈜한국푸드씨스템,113,11.7,6.79,4.53,304.0
도시락,알찬도시락,(주)삼영데리카후레쉬,165,25.68,6.49,4.05,321.0
도시락,LA갈비특선도시락,(주)청미,156,22.15,7.5,4.15,340.0
도시락,정찬도시락,아주푸드,168,27.25,8.25,3.0,358.0
도시락,슈프림양념치킨도시락,(주)한국데리카후레쉬,181,19.49,5.64,8.97,380.0
도시락,이달의도시락(설명절편),(주)삼영데리카후레쉬,188,27.75,5.77,5.95,409.0
도시락,추억의도시락삼각,롯데부산CK주식회사,186,34.55,4.55,3.36,455.0
도시락,옛날도시락 비빔밥,집반찬연구소,189,17.0,9.0,9.0,936.0
밥류(컵밥/덮밥/볶음밥),양송이하이라이스덮밥,다원푸드서비스(주) 쉐프랑,101,15.73,4.94,1.57,0.0
밥류(컵밥/덮밥/볶음밥),F41 토마토닭고기덮밥,아이배냇㈜,119,20.63,4.38,1.94,81.0
밥류(컵밥/덮밥/볶음밥),병아리콩토마토덮밥,풀무원건강생활(주),137,20.0,7.62,2.9,148.0
밥류(컵밥/덮밥/볶음밥),함박스테이크&계란볶음밥 세트,(주)현대그린푸드스마트푸드센터,151,17.47,4.66,6.97,204.0
밥류(컵밥/덮밥/볶음밥),양품든든 도시락 양배추 참치덮밥,주식회사나비야,174,23.54,6.67,5.92,241.0
밥류(컵밥/덮밥/볶음밥),참치마요 덮밥,(주)푸드인모닝스타,229,29.52,5.71,10.0,271.0
밥류(컵밥/덮밥/볶음밥),사천우육마라샹궈덮밥,(주)현대그린푸드 스마트푸드센터,138,22.3,2.85,4.13,296.0
밥류(컵밥/덮밥/볶음밥),취나물 덮밥,농업회사법인 소생로컬푸드 주식회사 제2공장,150,27.12,4.34,2.68,320.0
밥류(컵밥/덮밥/볶음밥),베이컨치즈볶음밥,오뚜기냉동식품(주),200,30.43,5.65,6.09,343.0
밥류(컵밥/덮밥/볶음밥),더반키친 햄야채볶음밥,농업회사법인 ㈜한우물,177,30.0,3.33,4.83,369.0
밥류(컵밥/덮밥/볶음밥),쉐프원 계란볶음밥,디유푸드(주),165,31.0,3.0,3.4,390.0
밥류(컵밥/덮밥/볶음밥),더반키친 닭갈비볶음밥,농업회사법인 ㈜한우물,174,27.67,4.4,5.0,416.0
밥류(컵밥/덮밥/볶음밥),매콤통통낙지볶음밥,천일식품(주),178,33.6,4.12,3.08,444.0
밥류(컵밥/덮밥/볶음밥),맛고 차돌깍두기 볶음밥,㈜하림산업 함열식품 1공장,205,31.0,5.33,6.67,473.0
밥류(컵밥/덮밥/볶음밥),문어낙지볶음밥,농업회사법인주식회사한우물,158,27.6,4.2,3.32,520.0
밥류(컵밥/덮밥/볶음밥),애슐리 대파제육 볶음밥,농업회사법인주식회사한우물,193,30.87,4.78,5.65,604.0
밥류(컵밥/덮밥/볶음밥),맛나고김치덮밥곱빼기,주식회사 혜성식품,284,59.06,5.25,2.98,2487.0
만두,올그루 야채교자만두,(주)엄지식품,269,50.0,8.1,3.8,1.0
만두,부추계란 군만두 납작만두,안심식품,260,12.0,8.0,20.0,230.0
만두,의령소바 메밀왕만두,제일FC,189,21.4,6.9,8.4,275.0
만두,오양 교자만두,(주)사조오양임실공장,205,28.0,8.0,7.0,300.0
만두,서울만두 평양식만두,농업회사법인한만두식품주식회사,202,22.26,7.97,8.96,318.0
만두,꽉 채운 물만두,㈜푸르온,206,20.0,8.0,10.8,336.0
만두,올심찬 김치왕만두,나래식품주식회사,175,21.0,7.0,7.0,350.0
만두,오아시스 미니 김치만두,(주)엄지식품,189,23.89,6.11,6.11,361.0
만두,비비고 닭가슴살 만두,주식회사 푸드웨어,152,17.26,8.93,5.36,375.0
만두,쫄깃만두,(주)아하식품,238,26.0,7.0,12.0,387.0
만두,잡채만두,오뚜기냉동식품주식회사,205,39.0,5.0,3.0,400.0
만두,나래다움 갈비찐만두,나래식품주식회사,215,23.72,8.33,9.62,417.0
만두,하림 용가리만두,(주)푸르온,195,21.67,10.0,7.67,437.0
만두,계란 만두,LAUREL ENTERPRISES CORPORATION,139,8.0,11.0,7.0,462.0
만두,보영 새우만두,나래식품주식회사,195,20.0,8.0,9.0,490.0
만두,집앤푸드 중화교자만두,영화식품(주)서울제1공장,205,26.0,7.0,8.0,530.0
만두,PBICK)아삭깍두기만두,(주)엄지식품,330,47.0,8.0,12.0,1080.0
빵(식사대용),고추잡채꽃빵,팜스더프레시,219,12.63,18.41,10.54,53.0
빵(식사대용),햄치즈모닝빵,주식회사 너랑,220,32.0,8.0,5.2,68.0
빵(식사대용),조르니키친  타코야끼빵,(주)에이치에스식품,189,30.85,5.96,5.96,187.0
빵(식사대용),조르니키친 크림파스타 사라다빵,(주)빠띠쁘레,87,12.14,2.96,3.14,191.0
빵(식사대용),마라고추잡채와꽃빵,농업회사법인(주)승화푸드,150,20.63,5.82,4.83,246.0
빵(식사대용),마라고추잡채와한입가득꽃빵,농업회사법인(주)승화푸드,150,20.63,5.82,4.83,246.0
빵(식사대용),고추잡채와 꽃빵,예향,212,32.0,8.0,6.0,256.0
빵(식사대용),야채가득 사라다빵,(주)현대푸드시스템,205,22.63,4.11,10.88,311.0
빵(식사대용),고추잡채덮밥&꽃빵,(주)대정,184,26.73,4.31,6.61,348.0
빵(식사대용),고추잡채와꽃빵,주식회사마이셰프,143,16.72,7.76,5.07,358.0
빵(식사대용),사라다빵,지에프에스,261,24.84,4.46,15.92,368.0
빵(식사대용),햇살굽는집 감자사라다빵,주식회사프레시오늘,249,28.0,5.0,13.0,370.0
빵(식사대용),영희네 고로케사라다빵,(주)농업회사법인은성,255,29.38,5.86,12.67,432.0
빵(식사대용),매콤소고기고추잡채꽃빵,주식회사마이셰프,144,20.88,5.61,4.21,433.0
빵(식사대용),햇살굽는집 맛살사라다빵,주식회사프레시오늘,254,26.0,6.0,14.0,500.0
빵(식사대용),햄 에그마요 모닝빵,에프앤지씨케이센터,276,29.3,9.3,13.5,554.0
국/탕(즉석국),콩나물국,(주)함께하는유래,65,9.8,5.1,0.8,0.0
국/탕(즉석국),식자재왕 도가니탕,(주)팔도식품,24,0.8,3.4,0.76,62.0
국/탕(즉석국),영도제주복국까치복국,청조푸드,25,3.0,4.0,0.0,115.0
국/탕(즉석국),영양반찬렌틸콩그라탕,(주)베베쿡,122,17.54,4.94,4.94,167.0
국/탕(즉석국),푸드얍엄선된순대국,(주)초원식품,53,6.25,3.33,1.67,203.0
국/탕(즉석국),케이비한우소머리사골곰탕,케이비한우소머리곰탕,25,0.0,1.04,2.08,233.0
국/탕(즉석국),뼈없는 갈비탕,(주)팔도식품,46,2.63,4.0,2.13,259.0
국/탕(즉석국),요리하다 진한 설렁탕,주식회사시아스영양공장,30,0.0,1.3,2.83,285.0
국/탕(즉석국),자연별곡 진한 소고기미역국,(주)이연에프엔씨 오송공장,20,1.8,2.4,0.4,308.0
국/탕(즉석국),진한 시골장터국,(주)신세계푸드 음성공장,52,1.2,2.0,4.4,330.0
국/탕(즉석국),뼈없는 한우 갈비탕,주식회사소담소담,35,0.8,3.0,2.5,360.0
국/탕(즉석국),햇땅알곤이알탕,(주)만나푸드,25,2.0,3.0,0.8,397.0
국/탕(즉석국),제주식 내장탕,(주)씨티푸드제2공장,51,2.57,3.14,3.14,449.0
국/탕(즉석국),오봉집 시원한 낙지 연포탕,에스제이씨푸드주식회사,40,2.98,6.56,0.19,543.0
국/탕(즉석국),한끼 든든 고기떡만두국,농업회사법인유한회사굿푸드지점,200,29.8,6.28,6.2,816.0
국/탕(즉석국),더 찐한 사골황태국,(주)태양에프앤씨,366,44.13,34.78,5.63,2922.0
면류,오리엔탈 버섯 파스타,돌아온 수수밭,114,19.8,3.92,3.51,0.0
면류,쉬림프&머쉬룸파스타샐러드,(주)그린키친,129,22.71,3.86,2.38,175.0
면류,불고기 토마토 파스타,농업회사법인(주)담푸른,148,18.8,3.6,6.4,234.0
면류,조르니키친 바질토마토 파스타,(주)에이치에스식품,143,24.4,5.2,6.0,272.0
면류,치킨스파게티,(주)대신씨에프,184,27.34,5.99,5.59,304.0
면류,매콤크림파스타,(주)현대그린푸드스마트푸드센터,176,21.37,6.49,7.21,331.0
면류,짜장 닭다리살 야채볶음밥,주식회사 나비야,135,17.83,7.12,3.89,361.0
면류,마라로제파스타,(주)우양,177,24.0,4.92,6.77,391.0
면류,리본로제파스타,(주)대정,196,22.18,6.34,9.16,426.0
면류,천일냉동토마토파스타,천일식품(주),121,21.43,4.82,1.89,468.0
면류,횡성 메밀막국수,(주)엔-초이스,102,21.07,2.65,1.0,523.0
면류,유비쿡짜장떡볶이,농가식품,237,53.04,4.35,0.87,592.0
면류,일일미식들깨칼국수,농업회사법인(주)대광,194,31.2,6.82,4.44,692.0
면류,가락 김치우동,(주)농가식품,131,29.11,3.76,0.61,848.0
면류,푸딩픽 가쓰오우동,솜씨협동조합,138,28.46,4.62,0.68,1281.0
면류,비폰 인스턴트 치킨향 쌀국수,VIETNAM FOOD INDUSTRIES JOINT STOCK COMPANY,347,71.67,6.67,3.67,2733.0
우유/두유,우지 시그니처우유,학교법인건국대학교건국유업.건국햄,63,4.6,3.0,3.6,0.0
우유/두유,찐~하고달달한딸기맛있는우유GT,남양유업(주),70,10.33,2.33,2.17,40.0
우유/두유,다도글로벌 우유,매일유업(주)평택공장,60,5.0,3.0,3.0,50.0
우유/두유,연세우유 고칼슘,연세대학교 연세유업,67,5.28,3.06,3.72,53.0
우유/두유,카카오랏 오리지널(1L),GRUPO CACAOLAT SL,67,10.2,3.0,1.5,200.0
우유/두유,넘버원써이야 두유,"TAN HIEP PHAT TRADING & SERVICE CO.,LTD.",115,24.0,2.1,1.1,0.0
우유/두유,해남 고구마 두유,(유)삼각에프엠씨웰빙랜드,66,10.09,3.13,1.48,54.0
우유/두유,유기농 약콩 콩물두유,농업회사법인(주)삼광에프앤비,38,2.11,3.16,1.9,73.0
우유/두유,베지밀아몬드와호두두유,정식품(주),63,7.89,0.0,2.63,89.0
우유/두유,마루산 두유 바나나맛,JAPAN AGRICULTURAL COOPERATIVES OF KUMAMOTO FRUITS HAKUSHU PLANT,265,14.0,19.0,15.0,790.0
닭가슴살,닭가슴살간장조림,(주)에코맘의산골이유식,101,18.0,5.0,1.0,0.0
닭가슴살,닭가슴살 슈레드 샐러드,(주)채다원,40,4.06,3.35,1.17,109.0
닭가슴살,커리&씨앗닭가슴살,(주)밥상푸드,169,28.37,8.17,3.37,191.0
닭가슴살,데리야끼 닭가슴살 도시락,농업회사법인(주)별담푸드,120,16.5,9.0,2.0,245.0
닭가슴살,닭가슴살채,주식회사팜스코,90,2.0,18.0,1.3,290.0
닭가슴살,닭가슴살 간편샐러드,주식회사 샐러드마녀,144,9.09,14.55,5.46,327.0
닭가슴살,더블 오믈렛&김치닭가슴살볶음밥,㈜디자인푸드,154,23.2,5.6,4.4,368.0
닭가슴살,닭가슴살현미곤약떡볶이,(주)사랑과정성,150,28.82,6.47,1.24,406.0
닭가슴살,마루닭 조각 닭가슴살 오리지널,(주)친한F&B,106,1.19,23.77,0.68,449.0
닭가슴살,닭가슴살 ny1,농업회사법인주식회사수지스링크,120,2.0,25.0,1.0,500.0
두부,HEYROO두부득템,(주)에스앤푸드,90,3.0,8.0,5.0,0.0
두부,푸르델 국산콩 찌개용 조각두부,푸드라인,62,2.8,6.4,2.8,2.0
두부,행복한콩 유기농 두부 부침용,(주)꿈꾸는콩,90,2.0,7.0,6.0,5.0
두부,생채움 국산콩두부 찌개용,㈜에스엔푸드,85,1.0,8.0,6.0,10.0
두부,산미르 검은깨 두부의미,알찬식품,70,4.0,6.0,3.2,25.0
두부,한둘 쫄깃 생두부스파게티,농업회사법인한둘푸드주식회사,154,34.59,2.43,0.71,92.0
두부,두부오코노미야끼 세트,(주)현대그린푸드스마트푸드센터,157,10.5,12.26,7.27,163.0
두부,두부추비빔 세트,(주)현대그린푸드 스마트푸드센터,122,6.57,10.14,6.16,249.0
두부,포케올데이 불고기 두부볼,(주)맛과벗,154,13.85,12.31,5.64,354.0
두부,행복한콩 두부볼(냉동용),씨제이씨푸드 주식회사,244,7.0,9.0,20.0,500.0
치즈,미니 파운드 케익 딸기&크림치즈,태양이엔에스(주),170,18.0,2.0,10.0,0.0
치즈,크림치즈필링,맛있는이야기,315,25.0,0.0,24.0,106.0
치즈,떠먹는 크림치즈,주식회사세인유업,246,13.93,5.19,18.89,197.0
치즈,크림치즈 머핀,(주)성진에프에스,293,30.0,5.46,17.27,260.0
치즈,스테이크앤치즈파이,해당없음,238,22.9,8.0,12.7,308.0
치즈,모짜렐라 빅 치즈볼,주식회사SL푸드원,355,45.0,8.0,16.0,353.0
치즈,콘치즈바비큐치킨,주식회사베지스타,204,10.91,9.8,13.36,396.0
치즈,황치즈 크림푸딩,주식회사케이크로,372,34.0,5.0,24.0,428.0
치즈,마요롤치즈빵,신화베이커리,271,32.0,12.0,10.0,465.0
치즈,모짜렐라치즈 II,(주)동원에프앤비강진공장,310,2.0,21.0,24.0,500.0
그릭요거트,유당제로 시그니처 그릭요거트,주식회사 강훈농업회사법인,175,9.0,8.0,15.0,5.0
그릭요거트,강훈목장 수제 그릭요거트 마일드,주식회사강훈농업회사법인,175,5.0,9.0,13.0,25.0
그릭요거트,그릭타임 스트로베리 그릭요거트,(주)쿠오레디파파,175,12.73,9.4,9.65,29.0
그릭요거트,Queen그릭 그릭요거트,파인드,137,8.78,9.34,7.2,31.0
그릭요거트,쌍도커피 블루베리 그릭요거트,램프에프앤비,190,14.0,9.0,11.0,35.0
그릭요거트,마시는 그릭요거트 블루베리,주식회사우리에프엔비,90,14.0,6.0,1.65,38.0
그릭요거트,바른그릭 오레오 그릭요거트,램프에프앤비,185,9.0,11.0,12.0,45.0
그릭요거트,오리지널 그릭요거트 플레인,주식회사 팜프레쉬,100,6.54,4.25,6.33,50.0
그릭요거트,틴요거트짜먹는프로틴그릭요거트딸기,데어리프로포즈,120,15.56,11.11,3.33,71.0
그릭요거트,그릭요거트 쌀 식빵,주식회사케익모아,299,43.63,13.72,8.45,433.0
